2025-04-19 20:01:26,192.168.1.28
2025-04-19 20:09:50,192.168.1.28
2025-04-19 20:11:58,192.168.1.28
2025-04-19 20:13:53,192.168.1.28
2025-04-22 21:44:28,10.14.143.230
2025-04-22 21:44:28,10.14.143.251
2025-04-22 21:44:28,10.14.142.135
2025-04-22 21:44:28,10.14.143.101
2025-04-22 21:44:28,10.14.142.208
2025-04-22 21:44:28,10.14.142.82
2025-04-22 21:44:29,10.14.143.56
2025-04-22 21:44:29,10.14.142.180
2025-04-22 21:44:29,10.14.142.125
2025-04-22 21:44:29,10.14.143.158
2025-04-22 21:44:30,10.14.142.130
2025-04-22 21:44:30,10.14.143.205
2025-04-22 21:44:30,10.14.143.60
2025-04-22 21:44:31,10.14.143.114
2025-04-22 21:44:31,10.14.142.143
2025-04-22 21:44:31,10.14.142.186
2025-04-22 21:44:31,10.14.142.192
2025-04-22 21:44:32,10.14.143.98
2025-04-22 21:44:32,10.14.142.177
2025-04-22 21:44:32,10.14.143.232
2025-04-22 21:44:32,10.14.143.100
2025-04-22 21:44:32,10.14.142.167
2025-04-22 21:44:32,10.14.143.138
2025-04-22 21:44:32,10.14.143.182
2025-04-22 21:44:32,10.14.142.109
2025-04-22 21:44:32,10.14.143.183
2025-04-22 21:44:32,10.14.142.191
2025-04-22 21:44:32,10.14.142.98
2025-04-22 21:44:32,10.14.142.128
2025-04-22 21:44:32,10.14.142.138
2025-04-22 21:44:32,10.14.143.46
2025-04-22 21:44:32,10.14.143.29
2025-04-22 21:44:32,10.14.143.157
2025-04-22 21:44:32,10.14.143.214
2025-04-22 21:44:32,10.14.142.251
2025-04-22 21:44:32,10.14.142.238
2025-04-22 21:44:32,10.14.143.94
2025-04-22 21:44:32,10.14.143.89
2025-04-22 21:44:32,10.14.143.109
2025-04-22 21:44:33,10.14.142.76
2025-04-22 21:44:33,10.14.143.50
2025-04-22 21:44:33,10.14.142.1
2025-04-22 21:52:59,10.14.143.230
2025-04-22 21:52:59,10.14.143.182
2025-04-22 21:52:59,10.14.143.158
2025-04-22 21:52:59,10.14.142.125
2025-04-23 09:51:07,10.1.19.110
2025-04-23 09:51:09,10.1.19.200
2025-04-23 10:03:56,10.1.19.110
2025-04-23 10:03:58,10.1.19.200
2025-04-23 10:05:40,10.1.19.110
2025-04-23 10:15:50,10.1.17.205
2025-04-23 10:15:51,10.1.19.110
2025-04-23 10:21:32,10.1.17.205
2025-04-23 10:21:32,10.1.19.110
2025-04-23 22:38:50,10.14.142.129
2025-04-23 22:38:50,10.14.143.240
